{
  "timestamp": "2025-12-13T07:53:26.767921",
  "model": "/home/axelofwar/Projects/shml-platform/ray_compute/data/ray/checkpoints/face_detection/phase_2_phase_2/weights/best.pt",
  "stats": {
    "total_images": 3222,
    "total_gt_faces": 39112,
    "total_detected": 32585,
    "total_missed": 10317,
    "images_with_misses": 958,
    "perfect_recall_images": 2264
  },
  "failure_distribution": {
    "tiny_faces": 868,
    "small_faces": 40,
    "large_faces": 21,
    "medium_faces": 29
  },
  "worst_images": [
    {
      "image": "0--Parade_0_Parade_marchingband_1_356.jpg",
      "category": "0--Parade",
      "gt_faces": 1,
      "detected": 0,
      "missed": 1,
      "recall": 0.0,
      "missed_face_sizes": [
        0.5891811744
      ],
      "avg_missed_size": 0.5891811744,
      "img_size": [
        1024,
        1625
      ]
    },
    {
      "image": "14--Traffic_14_Traffic_Traffic_14_55.jpg",
      "category": "14--Traffic",
      "gt_faces": 29,
      "detected": 0,
      "missed": 29,
      "recall": 0.0,
      "missed_face_sizes": [
        0.0351757072,
        0.032662965499999995,
        0.0241212177,
        0.0281420066,
        0.023952511599999997,
        0.013567579299999999,
        0.0201013578,
        0.0150757742,
        0.0167516198,
        0.008040110400000001,
        0.014739681600000002,
        0.0093803592,
        0.0165830852,
        0.013567579299999999,
        0.012060265799999999,
        0.032662965499999995,
        0.023952511599999997,
        0.023952511599999997,
        0.030151815099999996,
        0.014739681600000002,
        0.0281420066,
        0.0107196264,
        0.0165830852,
        0.0105529523,
        0.0082079852,
        0.0080397198,
        0.0107196264,
        0.0165830852,
        0.013567579299999999
      ],
      "avg_missed_size": 0.018361964586206894,
      "img_size": [
        1024,
        583
      ]
    },
    {
      "image": "18--Concerts_18_Concerts_Concerts_18_657.jpg",
      "category": "18--Concerts",
      "gt_faces": 1,
      "detected": 0,
      "missed": 1,
      "recall": 0.0,
      "missed_face_sizes": [
        3.6675170411999996
      ],
      "avg_missed_size": 3.6675170411999996,
      "img_size": [
        1024,
        769
      ]
    },
    {
      "image": "19--Couple_19_Couple_Couple_19_509.jpg",
      "category": "19--Couple",
      "gt_faces": 1,
      "detected": 0,
      "missed": 1,
      "recall": 0.0,
      "missed_face_sizes": [
        63.87617168199999
      ],
      "avg_missed_size": 63.87617168199999,
      "img_size": [
        1024,
        931
      ]
    },
    {
      "image": "21--Festival_21_Festival_Festival_21_741.jpg",
      "category": "21--Festival",
      "gt_faces": 1,
      "detected": 0,
      "missed": 1,
      "recall": 0.0,
      "missed_face_sizes": [
        1.6656864623999998
      ],
      "avg_missed_size": 1.6656864623999998,
      "img_size": [
        1024,
        1536
      ]
    },
    {
      "image": "23--Shoppers_23_Shoppers_Shoppers_23_514.jpg",
      "category": "23--Shoppers",
      "gt_faces": 1,
      "detected": 0,
      "missed": 1,
      "recall": 0.0,
      "missed_face_sizes": [
        0.759237765
      ],
      "avg_missed_size": 0.759237765,
      "img_size": [
        1024,
        639
      ]
    },
    {
      "image": "24--Soldier_Firing_24_Soldier_Firing_Soldier_Firing_24_281.jpg",
      "category": "24--Soldier",
      "gt_faces": 3,
      "detected": 0,
      "missed": 3,
      "recall": 0.0,
      "missed_face_sizes": [
        0.023054119999999997,
        0.023054119999999997,
        0.0319209216
      ],
      "avg_missed_size": 0.026009720533333332,
      "img_size": [
        1024,
        826
      ]
    },
    {
      "image": "24--Soldier_Firing_24_Soldier_Firing_Soldier_Firing_24_812.jpg",
      "category": "24--Soldier",
      "gt_faces": 1,
      "detected": 0,
      "missed": 1,
      "recall": 0.0,
      "missed_face_sizes": [
        0.8660134606000001
      ],
      "avg_missed_size": 0.8660134606000001,
      "img_size": [
        1024,
        636
      ]
    },
    {
      "image": "24--Soldier_Firing_24_Soldier_Firing_Soldier_Firing_24_95.jpg",
      "category": "24--Soldier",
      "gt_faces": 1,
      "detected": 0,
      "missed": 1,
      "recall": 0.0,
      "missed_face_sizes": [
        1.2829921875
      ],
      "avg_missed_size": 1.2829921875,
      "img_size": [
        1024,
        682
      ]
    },
    {
      "image": "25--Soldier_Patrol_25_Soldier_Patrol_Soldier_Patrol_25_436.jpg",
      "category": "25--Soldier",
      "gt_faces": 1,
      "detected": 0,
      "missed": 1,
      "recall": 0.0,
      "missed_face_sizes": [
        2.320308
      ],
      "avg_missed_size": 2.320308,
      "img_size": [
        1024,
        500
      ]
    },
    {
      "image": "25--Soldier_Patrol_25_Soldier_Patrol_Soldier_Patrol_25_9.jpg",
      "category": "25--Soldier",
      "gt_faces": 1,
      "detected": 0,
      "missed": 1,
      "recall": 0.0,
      "missed_face_sizes": [
        1.2999562627999999
      ],
      "avg_missed_size": 1.2999562627999999,
      "img_size": [
        1024,
        732
      ]
    },
    {
      "image": "26--Soldier_Drilling_26_Soldier_Drilling_Soldiers_Drilling_26_390.jpg",
      "category": "26--Soldier",
      "gt_faces": 2,
      "detected": 0,
      "missed": 2,
      "recall": 0.0,
      "missed_face_sizes": [
        0.4668495808,
        0.6073795446
      ],
      "avg_missed_size": 0.5371145627,
      "img_size": [
        1024,
        656
      ]
    },
    {
      "image": "26--Soldier_Drilling_26_Soldier_Drilling_Soldiers_Drilling_26_893.jpg",
      "category": "26--Soldier",
      "gt_faces": 1,
      "detected": 0,
      "missed": 1,
      "recall": 0.0,
      "missed_face_sizes": [
        0.2442711507
      ],
      "avg_missed_size": 0.2442711507,
      "img_size": [
        1024,
        734
      ]
    },
    {
      "image": "27--Spa_27_Spa_Spa_27_728.jpg",
      "category": "27--Spa",
      "gt_faces": 1,
      "detected": 0,
      "missed": 1,
      "recall": 0.0,
      "missed_face_sizes": [
        37.9850237312
      ],
      "avg_missed_size": 37.9850237312,
      "img_size": [
        1024,
        782
      ]
    },
    {
      "image": "28--Sports_Fan_28_Sports_Fan_Sports_Fan_28_130.jpg",
      "category": "28--Sports",
      "gt_faces": 1,
      "detected": 0,
      "missed": 1,
      "recall": 0.0,
      "missed_face_sizes": [
        73.5142328208
      ],
      "avg_missed_size": 73.5142328208,
      "img_size": [
        1024,
        754
      ]
    },
    {
      "image": "28--Sports_Fan_28_Sports_Fan_Sports_Fan_28_697.jpg",
      "category": "28--Sports",
      "gt_faces": 1,
      "detected": 0,
      "missed": 1,
      "recall": 0.0,
      "missed_face_sizes": [
        1.5740854932
      ],
      "avg_missed_size": 1.5740854932,
      "img_size": [
        1024,
        1543
      ]
    },
    {
      "image": "3--Riot_3_Riot_Riot_3_166.jpg",
      "category": "3--Riot",
      "gt_faces": 1,
      "detected": 0,
      "missed": 1,
      "recall": 0.0,
      "missed_face_sizes": [
        0.22745053099999996
      ],
      "avg_missed_size": 0.22745053099999996,
      "img_size": [
        1024,
        1024
      ]
    },
    {
      "image": "31--Waiter_Waitress_31_Waiter_Waitress_Waiter_Waitress_31_212.jpg",
      "category": "31--Waiter",
      "gt_faces": 1,
      "detected": 0,
      "missed": 1,
      "recall": 0.0,
      "missed_face_sizes": [
        2.1443688801999996
      ],
      "avg_missed_size": 2.1443688801999996,
      "img_size": [
        1024,
        576
      ]
    },
    {
      "image": "36--Football_36_Football_americanfootball_ball_36_279.jpg",
      "category": "36--Football",
      "gt_faces": 1,
      "detected": 0,
      "missed": 1,
      "recall": 0.0,
      "missed_face_sizes": [
        1.0753361759000002
      ],